{
"row1": ["MEAN","25PCTILE","50PCTILE","75PCTILE","90PCTILE","99PCTILE","99.9PCTILE","99.99PCTILE","99.999PCTILE"],
"row2": [605440.0,56.0,80.0,145.0,193.0,6059.0,22765.0,22765.0,22765.0],
"row3": [48240.0,128.0,215.0,344.0,4523.0,19754.0,37060.0,184799.84749977512,235694.0],
"row4": [48240.0,247.0,497.0,3032.0,10187.0,50925.0,139817.0,210779.0724999089,567003.2434955616],
"row5": [46842.0,412.0,1129.0,6444.0,15671.0,91665.0,262843.0,694498.0,1189675.0],
"row6": [10720.9472016,858.0,2157.0,10680.0,22303.0,123884.02999999933,430938.0,969087.0,2141361.038554907],
"row7": [15311.5380811,1352.0,3987.0,14702.0,31025.0,158802.01999999955,574156.0120000243,1386383.0820998605,3277740.0208272487],
"row8": [20589.008786,1885.0,6968.0,20042.0,42238.0,197643.00999999978,714586.0600001216,1751172.0395999327,3977183.586202562],
"row9": [27150.2733068,3268.0,11178.0,26329.0,56951.0,241856.01999999955,854042.001000002,2211589.3905993365,4795693.083488971],
"row10": [34222.3321388,4936.0,15179.0,33460.0,74456.0,288305.02999999933,984948.0090000182,2582582.0038999934,5859471.092347801],
"row11": [42136.7197107,6881.0,19321.0,41494.0,95459.0,343739.01999999955,1130228.0060000122,2957451.1891996786,6410459.180806115],
"row12": [52014.9308992,10010.0,25014.0,52008.0,118547.09999999963,413965.02999999933,1293977.0100000203,3390040.0726998765,7737119.098004952],
"row13": [62663.8855642,13653.0,31379.0,63603.0,143326.0,490790.36999999173,1450695.040000081,3834682.3169994615,9355593.02815628],
"row14": [74209.2138209,17665.0,38218.0,76869.0,169329.0,575818.1099999975,1618291.1300002635,4213232.170399711,9580193.19394438],
"row15": [87353.6173126,22394.0,46285.0,91897.0,197166.09999999963,669505.0299999993,1807208.1060002148,4708562.228899611,10071080.024286792],
"row16": [101517.087942,27343.0,54937.0,108749.0,226899.0,767620.0099999998,2006506.0560001135,5220345.007699987,11786865.002289698],
"row17": [118192.3671814,33930.0,65801.0,128782.0,260208.0,872964.0299999993,2234181.034000069,5785582.072499877,12712984.273553863],
"row18": [135781.4258003,40678.0,77235.0,150505.0,295181.0,983099.0399999991,2459803.0580001175,6272376.172499707,14229545.089758143],
"row19": [155250.0462724,48584.0,90283.0,174797.0,333000.0,1094881.1899999958,2739562.2810005695,6836964.016099973,14747640.638995588],
"row20": [175464.0087491,56474.0,103832.0,200057.0,372109.0,1213822.1699999962,2995251.2450004965,7584362.85929854,17194196.236746624],
"row21": [198244.1412161,65973.0,119441.0,228679.0,415934.0,1337223.1199999973,3278493.040000081,8115793.065399889,18023088.75373043],
"row22": [223431.1952625,77035.0,137269.0,260299.0,462923.0,1470799.0199999996,3537206.0860001743,8509000.102899825,18499218.455519825],
"row23": [250768.2724033,89178.0,156892.0,294146.0,513795.0,1606813.0199999996,3866004.2040004134,9120518.139999762,19895257.018147603],
"row24": [279978.9550575,102237.0,177962.0,330434.0,567907.0,1752490.0599999987,4174747.008000016,9975262.310299473,21086987.7198707],
"row25": [310506.4121378,115930.0,200367.0,368281.0,624697.0,1900146.0799999982,4520619.012000024,10628574.002399996,23015062.21437168],
"row26": [342919.2762344,130649.0,224379.0,408625.0,684662.0999999996,2057088.0499999989,4875478.051000103,11111854.261399556,24265956.329196513],
"row27": [379949.9319053,148535.0,252506.0,453915.0,751635.0,2219665.0999999978,5253067.083000168,12150287.19449967,25873584.2868879],
"row28": [419871.091957,167711.0,282457.0,502037.0,823291.0999999996,2408141.01,5680340.307000622,12932981.708498796,26927901.31461844],
"row29": [461094.6042301,187923.0,314369.0,552081.25,897581.0,2586163.2399999946,6094521.0,14198766.024399959,29732612.302450046],
"row30": [504406.0926495,209251.0,348079.0,604762.0,976571.0,2770718.3699999917,6492640.021000043,14424583.491099166,31810037.24511762],
"row31": [549682.9718614,231390.0,383311.0,659665.25,1058900.0,2966017.2499999944,6912851.0940001905,15400613.131799776,31137169.054372817],
"row32": [600422.6416497,257532.0,423469.0,720836.0,1149525.0999999996,3170819.0199999996,7401973.101000205,16222883.010299983,33805673.9984639],
}